universidad nacional;0.16545305985592926
buen;0.13574361667637402
ciudad;0.13204300124168467
expedido;0.12905284184861385
mensaje;0.1243738325019108
idioma espanol;0.12032069024610907
formulario;0.11884860795692456
universidad;0.1180193339363701
segundo;0.11749969634415561
practica;0.11354750725771282
edicion;0.11079851886700928
completar;0.10518927625304118
modo;0.10411902022069268
participar;0.10408420010141682
representante;0.09707397528988929
pais origen;0.09707397528988929
estudiante internacional;0.09707397528988929
completar formulario;0.09707397528988929
favor;0.09570613735894629
voluntariado;0.09418958707892519
posgrado;0.09236498470140901
programa;0.09185532576422098
origen;0.09160941390227924
error;0.09160941390227924
ver;0.0910271280122432
aplicar;0.09006317222345285
primero;0.08961508371760658
san;0.08927536335348474
querer;0.08927536335348474
junto;0.08927536335348474
