universidad nacional;0.16267679199870627
ciudad;0.1357121249452456
buen;0.12767849204824722
expedido;0.12688736206226497
mensaje;0.12228686551710338
idioma espanol;0.11830173414351401
formulario;0.11685435308830008
universidad;0.11603899411295603
segundo;0.11552807593122526
voluntariado;0.11478659915206897
edicion;0.10893934281534699
participar;0.10798839933764558
completar;0.10342422212324656
modo;0.1023719247640359
posgrado;0.09930728569561749
idioma;0.09657377010424695
representante;0.09544509421869694
pais origen;0.09544509421869694
estudiante internacional;0.09544509421869694
completar formulario;0.09544509421869694
favor;0.094100208323122
programa;0.09031401254429014
origen;0.09007222703213373
error;0.09007222703213373
ver;0.0894997117779604
aplicar;0.08855193096637827
primero;0.08811136129226022
san;0.08777734136503676
junto;0.08777734136503676
espanol;0.08747453091480831
