international university;0.1265388798426109
germany;0.10948794841638061
nov;0.10360275837525293
sciences;0.1026362605098086
accounting;0.0902367115345257
aug;0.09008548073065273
engineering management;0.08729604289717743
big data;0.08470218933092032
usa;0.0842704893419774
german;0.08234363072271772
data science;0.08198268483596625
data;0.07953159286509091
applied;0.0790741825983718
bachelor master;0.07836676788912414
achievement;0.07836676788912414
sads;0.07677198226715785
share share;0.07449083327823003
science artificial intelligence;0.07449083327823003
science artificial;0.07449083327823003
artificial intelligence;0.07345263324199024
career;0.07109815171103116
university;0.06951423883413708
computer science;0.06943749288107086
science;0.06905915582567777
intelligence;0.06824680821304568
international;0.06753377028595652
post;0.06736896716472822
university international;0.06643432278942864
professional;0.06529057916491986
big;0.06501826224936665
