international university;0.12594880370997202
germany;0.10897738419096262
oct;0.10879592930474101
sciences;0.10215764707696115
aug;0.09593031964438725
accounting;0.08981591968121887
engineering management;0.08688896397051463
big data;0.08430720606278486
german;0.08195964588560885
data science;0.0816003831617968
data;0.07916072112354544
applied;0.07870544385248388
bachelor master;0.07800132795966579
achievement;0.07800132795966579
australia;0.07694659539226319
sads;0.07641397914236672
share share;0.07414346760791166
science artificial intelligence;0.07414346760791166
science artificial;0.07414346760791166
artificial intelligence;0.07311010890631185
career;0.07076660679415187
university;0.06966684209739589
computer science;0.06911369194881695
science;0.06873711915486477
intelligence;0.06792855968180066
post;0.06705481218205504
international;0.06640796772891183
singapore;0.06612452624061434
ects;0.06612452624061434
professional;0.06498611612162986
