estudiante internacional;0.172653583842286
asunto;0.16055075891537277
egypt;0.1496873517508037
solicitante;0.13982261958389317
portal;0.1259499260701549
reciente;0.1251266640211953
pasaporte;0.12351283213885302
copia;0.12130220149584885
central;0.11702344857588172
departamento;0.11442657874967245
ministerio relaciones exterior;0.1143734121432181
ministerio relaciones;0.1143734121432181
do;0.1143734121432181
requerido;0.11415195140429145
instituto;0.11310625702754855
estudiante;0.1130887335194698
documento requerido;0.11283480436828126
solicitud;0.10947439615327535
relaciones exterior;0.10663452038520549
inicial;0.10663452038520549
estudiante ser;0.10663452038520549
ministerio;0.10438108136449506
equivalente;0.10413440730299914
sitio web;0.10346605682365469
relaciones;0.10346605682365469
apertura;0.10253984685591751
internacional;0.09670520878412565
consejo;0.09479324939526074
acuerdo;0.09447782530591399
ser;0.0937292067074032
