santander chrome firefox;0.29223003586729457
santander chrome;0.29223003586729457
santander;0.2462065545573405
safari edge;0.29223003586729457
safari;0.29223003586729457
firefox safari edge;0.29223003586729457
firefox safari;0.29223003586729457
firefox;0.29223003586729457
edge;0.29223003586729457
chrome firefox safari;0.29223003586729457
chrome firefox;0.29223003586729457
chrome;0.29223003586729457
