maestria universitario;0.5658018826696116
maestria;0.44415249413680513
universitario;0.3819802786547256
internet cosa;0.13618386513637026
cosa;0.13618386513637026
iot;0.12256547862273326
experto;0.11932892840824001
experto universitario;0.1168503888122024
direccion;0.10901013826865778
gestion;0.1028344618277316
universitario direccion;0.09439063357990815
internet;0.08979780951831709
grado;0.08804665014006975
master;0.07877682993528057
digital;0.07780104244808161
programa;0.07769090413316454
unir;0.07687186739094436
avanzado;0.07339545133680594
educacion;0.06741322495617756
ingenieria;0.06713997263109288
proyecto;0.06414129251308365
industria;0.0638347315000106
programa avanzado;0.06150020463800126
tecnologia;0.06058504614910578
universitario gestion;0.055350184174201136
diseno;0.05319560958334216
especialista;0.05309473138869833
direccion gestion;0.05114096931781715
informacion;0.0510396310691546
comunicacion;0.05031237150861129
virtual;0.15
online;0.15
cosas;0.15
