maestria universitario;0.5911849065459767
maestria;0.46326151921470204
universitario;0.3981710895101657
experto;0.1233415974363874
experto universitario;0.12077971209003824
direccion;0.11267581775995623
gestion;0.10629247209822229
universitario direccion;0.0975647035809185
grado;0.08667370596919712
unir;0.08513232273532936
programa;0.08364938855255581
seguridad;0.07377895771759783
master;0.07124762329597883
educacion;0.06968012673328684
digital;0.06892907566458195
avanzado;0.06574838157108326
programa avanzado;0.06356826952107275
informacion;0.06029250133686958
informatico;0.05873409401732733
ingenieria;0.05872111872284878
universitario gestion;0.05721144256896548
direccion gestion;0.0528606846155946
diseno;0.049485974567277456
especialista;0.04878235179045925
tecnologia;0.04817102848834399
proteccion;0.04540390545884232
sistema;0.04521937600265219
resolucion problema;0.04449778866475093
programa resolucion;0.04449778866475093
problema complejo;0.04449778866475093
virtual;0.15
online;0.15
informatica;0.15
malware;0.15
ciberseguridad;0.15
